algoritmo,costo,tiempo
Greedy Cost,60048.70039999997,89892.41776315788
Greedy Time,157702.35208,28265.77894736841
Greedy Time,101516.99583999995,54129.308552631606
