algoritmo,costo,tiempo
Greedy Cost,12120.281679999998,11028.553947368422,Greedy Time,9785.704240000001,3332.946710526316
Greedy Cost,12120.281679999998,11028.553947368422,Greedy Time,9785.704240000001,3332.946710526316
