algoritmo,costo,tiempo
Greedy Cost,42365.28192,71751.25197368422,Greedy Time,172676.41040000002,96827.62631578946
Greedy Cost,42365.28192,71751.25197368422,Greedy Time,172676.41040000002,96827.62631578946
