algoritmo,costo,tiempo
Greedy Cost,97853.45959999997,1709994.1914473688
Greedy Time,157702.35208,28265.77894736841
