algoritmo,costo,tiempo
Greedy Cost,176457.38344000006,2.2235950947312793E26
Greedy Time,229265.51231999998,52767.82236842106
Greedy Compromise,180227.92007999998,404623.91381578945
