algoritmo,costo,tiempo
Greedy Cost,12120.281679999998,11028.553947368422,Greedy Time,6336.026319999999,11297.113815789475
Greedy Cost,12120.281679999998,11028.553947368422,Greedy Time,6336.026319999999,11297.113815789475
