algoritmo,costo,tiempo
Greedy Cost,42365.28192,71751.25197368422,Greedy Time,175752.76264000003,47141.515789473684
Greedy Cost,42365.28192,71751.25197368422,Greedy Time,175752.76264000003,47141.515789473684
