algoritmo,costo,tiempo
Greedy Cost,12120.281679999998,11296.748684210525,Greedy Time,67115.58359999998,17921.300000000003
Greedy Cost,12120.281679999998,11296.748684210525,Greedy Time,67115.58359999998,17921.300000000003
