algoritmo,costo,tiempo
Greedy Cost,164635.97384000005,144941.3480263158
Greedy Time,227931.52512,38435.8230263158
Greedy Compromise,174579.47312000004,42963.55789473684
