algoritmo,costo,tiempo
Greedy Cost,168466.33960000004,145814.68881578944
Greedy Time,224786.33423999997,38593.77368421054
Greedy Compromise,178457.38975999996,42996.78289473684
