algoritmo,costo,tiempo
Greedy Cost,12407.570239999997,19682.621710526317
